{
  "name": "my_prize",
  "parts": [
    {
      "id": "part_1",
      "label": "body",
      "hw": 0.115,
      "hh": 0.1175,
      "hd": 0.115,
      "px": 0,
      "py": 0.1506778349412507,
      "pz": -0.014226376954152534,
      "color": "#de670d"
    },
    {
      "id": "part_2",
      "label": "head",
      "hw": 0.105,
      "hh": 0.0925,
      "hd": 0.105,
      "px": 0,
      "py": 0.4171040517169188,
      "pz": -0.016341574865320122,
      "color": "#a0724e"
    },
    {
      "id": "part_3",
      "label": "part",
      "hw": 0.07,
      "hh": 0.14,
      "hd": 0.07,
      "px": 0,
      "py": -0.06184119102259933,
      "pz": -0.012742795557641545,
      "color": "#261547"
    },
    {
      "id": "part_4",
      "label": "neck",
      "hw": 0.0575,
      "hh": 0.035,
      "hd": 0.0525,
      "px": 0,
      "py": 0.29176622163297633,
      "pz": -0.014226376954152534,
      "color": "#8b5e3c"
    }
  ],
  "tag": {
    "enabled": true,
    "px": 0,
    "py": 0.06,
    "pz": -0.22,
    "ry": 0
  }
}